Rekening,7535-01-008018-53-0
Unit Kerja,UNIT KUBU BAGAN SIAPI API
Nama Produk,SIMPEDES UMUM
Mata Uang,IDR
Tanggal Transaksi,Uraian Transaksi,Chq,Debet,Kredit,Saldo
15/10/16 23:59:59,Bunga Rekening,,0.00,"9,331.00","13,914,331.00"
15/10/16 23:59:59,Pajak,,"1,866.00",0.00,"13,912,465.00"
16/10/16 00:00:00,Biaya Bulanan ATM,,"1,500.00",0.00,"13,910,965.00"
18/10/16 09:14:02,TARIKAN ATM 18/10,,"200,000.00",0.00,"13,710,965.00"
20/10/16 13:22:41,TRANSFER MASUK BUDI SANTOSO,,0.00,"1,500,000.00","15,210,965.00"
