No. Rekening;703287239500
Jenis Produk;ON Account
Nama;HENRI PRATAMA
Mata Uang;IDR
Tanggal;Uraian Transaksi;Nominal Transaksi;Saldo
2020-02-03;ATM WITHDRAWAL ATM Prima 5576920007398094;-500,000.00;37,061,258.28
2020-02-05;BIAYA ADM;-12,500.00;37,048,758.28
2020-02-11;REMITTANCE CR - SKN INCOMING SKN BNINIDJA/AP. BPK ANDRE;234,410.96;97,307,905.39
2020-02-18;TRANSFER E-CHANNEL 703287239500 KE 1370012345678;-2,000,000.00;95,307,905.39
Saldo Awal;;;37,561,258.28
Total Kredit;;;85,159,887.15
Total Debit;;;89,757,659.04
Saldo Akhir;;;32,963,486.39
